[
    {
      "id": 9090,
      "name": "Item1",
      "price": 200,
      "discount": 10,
      "category": "fiction",
      "img_url": "../../assets/images/laptop.jpg"
    },
    {
      "id": 9091,
      "name": "Item2",
      "price": 250,
      "discount": 15,
      "category": "literature",
      "img_url": "../../assets/images/earphone.jpg"
    },
    {
      "id": 9092,
      "name": "Item3",
      "price": 320,
      "discount": 5,
      "category": "literature",
      "img_url": "../../assets/images/laptop.jpg"
    },
    {
      "id": 9093,
      "name": "Item4",
      "price": 290,
      "discount": 0,
      "category": "thriller",
      "img_url": "../../assets/images/earphone.jpg"
    },
    {
      "id": 9094,
      "name": "Item1",
      "price": 500,
      "discount": 25,
      "category": "thriller",
      "img_url": "../../assets/images/laptop.jpg"
    },
    {
      "id": 9095,
      "name": "Item2",
      "price": 150,
      "discount": 5,
      "category": "literature",
      "img_url": "../../assets/images/earphone.jpg"
    },
    {
      "id": 9096,
      "name": "Item3",
      "price": 700,
      "discount": 22,
      "category": "literature",
      "img_url": "../../assets/images/earphone.jpg"
    },
    {
      "id": 9097,
      "name": "Item4",
      "price": 350,
      "discount": 18,
      "category": "fiction",
      "img_url": "../../assets/images/laptop.jpg"
    }
  ]